slug,name,google_maps_url
a-pa-chai,"A Pa Chai (Vietnam's Westernmost Point)",
am-tien-cave,"Am Tiên Cave",
an-bang-beach,"An Bàng Beach",
an-binh-island,"Đảo Bé (An Bình Island)",
an-hai-communal-house,"Đình làng An Hải",
an-vinh-communal-house,"Đình làng An Vĩnh",
angel-eye-mountain,"Angel Eye Mountain (God Eye Mountain)",
ba-danh-pagoda,"Ba Danh Pagoda",
ba-den-mountain,"Ba Den Mountain",
ba-ho-waterfall,"Ba Hồ Waterfall",
ba-hon-dam-islands,"Ba Hòn Đầm Islands",
ba-na-cable-car,"Bà Nà Cable Car",
ba-om-lake,"Ba Om Lake",
bac-son-valley,"Bắc Sơn Valley",
back-beach-vung-tau,"Back Beach Vũng Tàu",
bai-dinh-pagoda,"Bái Đính Pagoda",
bai-mon-beach,"Bãi Môn Beach",
bai-nhat,"Bãi Nhát",
bai-tu-long-bay,"Bai Tu Long Bay",
ban-gioc-waterfall,"Ban Gioc Waterfall",
bat-pagoda-soc-trang,"Bat Pagoda",
bau-sau,"Bàu Sấu (Crocodile Lake)",
bay-mau-coconut-forest,"Bảy Mẫu Coconut Forest",
ben-hai-river,"Bến Hải River & Hiền Lương Bridge",
ben-tre-coconut-village,"Bến Tre Coconut Village",
bich-dong-pagoda,"Bich Dong Pagoda",
bidoup-nui-ba-national-park,"Bidoup Núi Bà National Park",
binh-lieu-border-mountains,"Bình Liêu Border Mountains",
binh-son-beach,"Bình Sơn Beach",
bu-gia-map-national-park,"Bù Gia Mập National Park",
bui-hui-grassland,"Bùi Hui Grassland",
bung-binh-thien-lake,"Bưng Bình Thiên Lake",
cai-rang-floating-market,"Cái Răng Floating Market",
can-gio-beach,"Cần Giờ Beach",
can-gio-monkey-island,"Cần Giờ Monkey Island",
cao-dai-holy-see,"Cao Đài Holy See",
cape-ca-na,"Cape Cà Ná",
cat-ba-cannon-fort,"Cát Bà Cannon Fort",
cat-ba-national-park,"Cát Bà National Park",
cat-cat-village,"Cat Cat Village",
cat-co-beach,"Cát Cò Beach",
cat-tien-national-park,"Cát Tiên National Park",
chua-chan-mountain,"Núi Chứa Chan (Chứa Chan Mountain)",
co-thach-beach,"Cổ Thạch Beach",
con-dao-national-park,"Con Dao National Park",
con-dao-prison,"Con Dao Prison",
crazy-house,"Crazy House",
cu-mi-beach,"Cù Mi Beach",
cua-dai-beach,"Cửa Đại Beach",
da-ploa-stream,"Đa Ploa Stream",
dalat-railway-station,"Đà Lạt Railway Station",
dam-trau-beach,"Đầm Trầu beach",
dark-cave,"Dark Cave",
datanla-waterfall,"Datanla Waterfall",
dau-tieng-lake,"Dầu Tiếng Lake",
diep-son-island,"Điệp Sơn Island",
dinh-mountain,"Núi Dinh (Dinh Mountain)",
doc-let-beach,"Dốc Lết Beach",
doi-nhai-beach,"Đồi Nhái Beach",
dong-van-old-town,"Đồng Văn Old Town",
dragon-bridge,"Dragon Bridge",
dray-nur-dray-sap-waterfalls,"Dray Nur & Dray Sap Waterfalls",
du-gia-village,"Du Già Village",
du-gia-waterfall,"Du Già Waterfall",
duc-pagoda,"Chùa Đục",
duck-stop-phong-nha,"The Duck Stop",
eight-ladies-cave,"Eight Ladies Cave",
elephant-mountain,"Elephant Mountain",
elephant-waterfall,"Elephant Waterfall",
fairy-stream,"Fairy Stream",
fansipan,"Fansipan",
french-village-ba-na,"French Village",
gieng-tien-peak,"Núi Giếng Tiền",
golden-bridge,"Golden Bridge",
ha-long-bay,"Ha Long Bay",
ham-ninh-fishing-village,"Hàm Ninh Fishing Village",
ham-tien-beach,"Hàm Tiến Beach",
hang-cau-cliffs,"Hang Câu",
hang-en,"Hang En Cave",
hang-mua,"Hang Mua",
hang-pagoda,"Chùa Hang",
hang-rai,"Hang Rai",
hmong-king-palace,"Hmong King Palace",
ho-chi-minh-childhood-home,"Ho Chi Minh's Childhood Home",
ho-quoc-pagoda,"Hộ Quốc Pagoda",
hoa-lu-ancient-capital,"Hoa Lư Ancient Capital",
hoi-an-ancient-town,"Hội An Ancient Town",
hon-chong-rock-formation,"Hòn Chồng (Hòn Chồng Rock Formation)",
hon-mun-island,"Hòn Mun Island",
hon-son-island,"Hòn Sơn Island",
hon-tam-island,"Hòn Tằm Island",
hon-thom-cable-car,"Hòn Thơm Cable Car",
hospital-cave,"Hospital Cave",
hung-temple,"Hùng Temple (Đền Hùng)",
imperial-city-hue,"Imperial City",
japanese-bridge,"Japanese Bridge",
k50-waterfall,"K50 Waterfall",
ke-ga-lighthouse,"Kê Gà Lighthouse",
keo-pagoda,"Keo Pagoda",
khai-dinh-tomb,"Khải Định Tomb",
khau-coc-cha-pass,"Khau Cóc Chà Pass",
khau-pha-pass,"Khau Phạ Pass",
khe-van-waterfall,"Khe Van Waterfall",
khem-beach,"Khem Beach",
kon-tum-wooden-church,"Kon Tum Wooden Church",
ky-co-beach,"Kỳ Co Beach",
la-ngau-stream,"La Ngâu Stream",
la-vang-sanctuary,"La Vang Sanctuary",
lan-ha-bay,"Lan Hà Bay",
langbiang-mountain,"Langbiang Mountain",
linh-phuoc-pagoda,"Linh Phước Pagoda",
lo-lo-chai-village,"Lô Lô Chải Village",
long-son-pagoda,"Long Sơn Pagoda",
lung-cu-flag-tower,"Lũng Cú Flag Tower",
lung-po-red-river-source,"Lũng Pô",
ly-son-garlic-fields,"Lý Sơn Garlic Fields",
ma-pi-leng-pass,"Mã Pí Lèng Pass",
mac-dynasty-citadel,"Mạc Dynasty Citadel",
mang-lang-church,"Mằng Lăng Church",
masara-hill,"Masara Hill",
mau-son-mountain,"Mẫu Sơn Mountain",
minh-dam-mountain,"Minh Đạm Mountain",
minh-mang-tomb,"Minh Mạng Tomb",
moc-chau-tea-hills,"Moc Chau Tea Hills",
mooc-spring,"Mooc Spring",
mui-ca-mau-national-park,"Mũi Cà Mau National Park",
mui-dien,"Mũi Điện (Cape Varella)",
mui-ne-fishing-village,"Mũi Né Fishing Village",
mui-tro-fishing-village,"Mũi Trô Fishing Village",
muong-hoa-valley,"Muong Hoa Valley",
my-khe-beach,"Mỹ Khê Beach",
my-son-sanctuary,"Mỹ Sơn Sanctuary",
nam-du-islands,"Nam Du Islands",
nguom-ngao-cave,"Nguom Ngao Cave",
nha-pha-historical-site,"Di tích Nhà Pha",
nhan-tower,"Tháp Nhạn",
nho-que-river,"Nho Quế River",
ong-cop-bridge,"Cầu Ông Cọp",
pa-sy-waterfall,"Pa Sy Waterfall",
pac-bo-historic-site,"Pác Bó Historic Site",
paradise-cave,"Paradise Cave",
phi-lieng-waterfall,"Phi Liêng Waterfall",
phong-nam-valley,"Phong Nặm Valley",
phong-nha-botanic-garden,"Phong Nha Botanic Garden",
phong-nha-cave,"Phong Nha Cave",
phu-quoc-night-market,"Phú Quốc Night Market",
phu-quy-island,"Phú Quý Island",
phuoc-binh-beach,"Phước Bình Beach",
phuoc-hai-fishing-village,"Phước Hải Fishing Village",
phuoc-tinh-fishing-village,"Phước Tỉnh Fishing Village",
pirate-islands,"Pirate Islands",
plate-rock-reef,"Ghềnh Đá Đĩa (Plate Rock Reef)",
po-nagar-cham-towers,"Po Nagar Cham Towers",
pongour-waterfall,"Pongour Waterfall",
quan-ba-heaven-gate,"Quản Bạ Heaven Gate",
quan-ba-twin-mountains,"Quản Bạ Twin Mountains",
quang-tri-ancient-citadel,"Quảng Trị Ancient Citadel",
rach-vem-fishing-village,"Rạch Vẹm Fishing Village",
red-sand-dunes,"Red Sand Dunes",
sa-vi-cape,"Mũi Sa Vĩ (Trà Cổ)",
sao-beach,"Bãi Sao Beach",
six-senses-beach,"Six Senses Beach",
son-doong-cave,"Son Doong Cave",
son-tra-peninsula,"Sơn Trà Peninsula",
sung-sot-cave,"Sung Sot Cave",
ta-dung-lake,"Tà Đùng Lake",
ta-nang-phan-dung-trek,"Ta Năng - Phan Dũng Trek",
ta-pa-fields,"Ta Pa Fields",
ta-pa-temple,"Ta Pa Temple",
ta-van-village,"Tả Van Village",
ta-xua-mountain,"Tà Xùa Mountain",
tam-coc,"Tam Cốc",
tay-phuong-pagoda,"Tây Phương Pagoda",
temple-of-literature,"Temple of Literature",
tham-ma-pass,"Thẩm Mã Pass",
thang-hen-lake,"Thang Hen Lake",
thien-mu-pagoda,"Thiên Mụ Pagoda",
thoi-loi-mountain,"Núi Thới Lới",
thung-khe-pass,"Thung Khe Pass",
thung-nham-bird-park,"Thung Nham Bird Park",
thuong-phuoc-border-gate,"Thường Phước Border Gate",
ti-top-island,"Ti Top Island",
to-vo-gate,"Cổng Tò Vò",
tra-que-village,"Trà Quế Village",
tra-su-cajuput-forest,"Trà Sư Cajuput Forest",
trang-an,"Trang An",
tri-an-lake,"Tri An Lake",
trung-trang-cave,"Trung Trang Cave",
truong-son-national-cemetery,"Truong Son National Cemetery",
tu-duc-tomb,"Tự Đức Tomb",
tuyen-lam-lake,"Tuyền Lâm Lake",
van-long-nature-reserve,"Vân Long Nature Reserve",
viet-hai-village,"Việt Hải Village",
vinh-trung-fields,"Vĩnh Trung Fields",
vinpearl-cable-car,"Vinpearl Cable Car",
vinpearl-safari,"Vinpearl Safari",
vinwonders-phu-quoc,"VinWonders Phú Quốc",
white-sand-dunes,"White Sand Dunes",
y-ty,"Y Tý",
yavly-waterfall,"Yavly Waterfall",
yen-minh-pine-forest,"Yên Minh Pine Forest",
yen-tu-mountain,"Yên Tử Mountain",
